market,title,url,region,country,grape,abv,vintage,winery,sweetness,acidity,body,rating,reference_price,image_url,image_path
全聯,1895 Rosso,https://littlewine.com.tw/wine/Detail.aspx?Title=4.5+%e9%a1%86%e6%98%9f%e6%8e%a8%e8%96%a6%e7%9a%84%e7%be%a9%e5%a4%a7%e5%88%a9+Toscana+%e7%b4%85%e9%85%92&Wine=1895+Rosso,Toscana,義大利,Sangiovese 混合Cabernet and Merlot(100%),14%,2020,Verga La Storia,1/5,4/5,4/5,4.5/5,$499,https://littlewine.com.tw/Upload/20241005/1895.png,images/561c6b888346.png
全聯,Bavardages Merlot,https://littlewine.com.tw/wine/Detail.aspx?Title=%e6%9e%9c%e5%91%b3%e7%94%9c%e7%be%8e%e7%9a%84%e5%8d%97%e6%b3%95%e9%a4%90%e9%85%92&Wine=Bavardages+Merlot,PAYS D'OC,法國,Merlot(100%),14%,2023年,LGI,1/5,4/5,4/5,3.5/5,$389,https://littlewine.com.tw/Upload/20240821/bavardages%20merlot.png,images/d1d7cb2c7c62.png
全聯,D.V Catena Historico Malbec,https://littlewine.com.tw/wine/Detail.aspx?Title=%e6%9e%9c%e5%91%b3%e8%b1%90%e6%b2%9b%e3%80%81%e5%8f%a3%e6%84%9f%e6%b8%85%e6%96%b0%e7%9a%84%e9%98%bf%e6%a0%b9%e5%bb%b7+CATENA+Malbec&Wine=D.V+Catena+Historico+Malbec,Mendoza,阿根廷,Malbec(100%),13.5%,2022年,D.V Catena,1/5,4/5,4/5,4/5,$999,https://littlewine.com.tw/Upload/20250317/catena.png,images/29b6c529057e.png
大全聯,1895 Primitivo di Manduria DOC,https://littlewine.com.tw/wine/Detail.aspx?Title=%e7%be%a9%e5%a4%a7%e5%88%a9+1895+Primitivo+di+Manduria+%e8%a9%95%e6%b8%ac%ef%bd%9c%e5%8d%97%e7%be%a9%e6%99%ae%e5%88%a9%e4%ba%9e%e7%9a%84%e6%9e%9c%e9%a6%99%e8%88%87%e6%9f%94%e9%a0%86%e5%8f%a3%e6%84%9f&Wine=1895+Primitivo+di+Manduria+DOC,"Manduria, Puglia",義大利,Primitivo(100%),14.5%,2023年,Casa Vinicola Natale Verga,2/5,3/5,5/5,3.5/5,$649,https://littlewine.com.tw/Upload/20251102/1895%20primitivo%20di%20manduria%20doc.png,images/466f1e07b663.png
大全聯,1895 Verga La Storia Barolo,https://littlewine.com.tw/wine/Detail.aspx?Title=%e8%a6%aa%e6%b0%91%e5%84%aa%e9%9b%85%e7%9a%84+1895+Verga+La+Storia+Barolo&Wine=1895+Verga+La+Storia+Barolo,Barolo DOCG，Piemonte,義大利,Nebbiolo(100%),14%,2021,Casa Vinicola Natale Verga,1/5,5/5,4/5,3.5/5,$1099,https://littlewine.com.tw/Upload/20251107/1895%20verga%20la%20storia%20barolo.png,images/0f10de85c16c.png
大全聯,Canaja Gold Rosso Veronese,https://littlewine.com.tw/wine/Detail.aspx?Title=%e8%bc%95%e6%9f%94%e5%9c%93%e6%bb%91%e7%9a%84%e7%be%a9%e5%a4%a7%e5%88%a9%e6%b7%b7%e9%87%80&Wine=Canaja+Gold+Rosso+Veronese,Veneto,義大利,混釀(100%),14%,2021,Villa Annaberta,1/5,3/5,5/5,3.5/5,$399,https://littlewine.com.tw/Upload/20260411/canaia%20gold%20rosso%20verona%202018.png,images/0aaf7db7a659.png
大潤發,1895 Primitivo di Manduria DOC,https://littlewine.com.tw/wine/Detail.aspx?Title=%e7%be%a9%e5%a4%a7%e5%88%a9+1895+Primitivo+di+Manduria+%e8%a9%95%e6%b8%ac%ef%bd%9c%e5%8d%97%e7%be%a9%e6%99%ae%e5%88%a9%e4%ba%9e%e7%9a%84%e6%9e%9c%e9%a6%99%e8%88%87%e6%9f%94%e9%a0%86%e5%8f%a3%e6%84%9f&Wine=1895+Primitivo+di+Manduria+DOC,"Manduria, Puglia",義大利,Primitivo(100%),14.5%,2023年,Casa Vinicola Natale Verga,2/5,3/5,5/5,3.5/5,$649,https://littlewine.com.tw/Upload/20251102/1895%20primitivo%20di%20manduria%20doc.png,images/466f1e07b663.png
大潤發,Chateau Tour de Ségur,https://littlewine.com.tw/wine/Detail.aspx?Title=%e9%85%b8%e5%ba%a6%e6%98%8e%e9%a1%af%e9%9c%80%e8%a6%81%e9%95%b7%e6%99%82%e9%96%93%e9%86%92%e9%85%92%e7%9a%84%e6%b3%a2%e7%88%be%e5%a4%9a%e8%81%96%e6%84%9b%e7%be%8e%e6%bf%83%e7%b4%85%e9%85%92&Wine=Chateau+Tour+de+S%c3%a9gur,Lussac Saint-Emilion,法國,"Merlot(65%) ,Cabernet Franc (30%) ,Cabernet Sauvignon (5%)",14%,2010,Chateau Tour de Ségur,1/5,5/5,4/5,3.5/5,$599,https://littlewine.com.tw/Upload/20250615/cha%CC%82teau%20la%20tour%20de%20se%CC%81gur%20.png,images/aabb3de9a3e1.png
大潤發,Château Liversan 2019,https://littlewine.com.tw/wine/Detail.aspx?Title=%e8%b6%85%e5%80%bc%e7%9a%84%e6%b3%a2%e7%88%be%e5%a4%9a%e4%b8%ad%e7%b4%9a%e9%85%92%e8%8e%8a+Ch%c3%a2teau+Liversan+2019+&Wine=Ch%c3%a2teau+Liversan+2019+,Haut‑Médoc Cru Bourgeois,法國,"Merlot(55%) ,Cabernet Sauvignon (45%)",13.5%,2019,Château Liversan,1/5,4/5,5/5,4/5,$349,https://littlewine.com.tw/Upload/20250701/cha%CC%82teau%20liversan%202019%20.png,images/b33eb5e7c0b0.png
好市多,Bourgogne Pinot Noir 2024,https://littlewine.com.tw/wine/Detail.aspx?Title=%e4%b8%8d%e5%83%8f%e5%8d%b0%e8%b1%a1%e4%b8%ad%e7%9a%84%e6%b3%95%e5%9c%8b%e5%8b%83%e6%a0%b9%e5%9c%b0&Wine=Bourgogne+Pinot+Noir+2024,勃根地 Bourgogne AOC,法國,Pinot Noir(100%),13%,2024,Château de Couches,1/5,3/5,5/5,3/5,$439,https://littlewine.com.tw/Upload/20260303/cha%CC%82teau%20de%20couches.png,images/8b3f3745b529.png
好市多,Château Latapie Réserve 2022,https://littlewine.com.tw/wine/Detail.aspx?Title=%e6%a1%b6%e5%91%b3%e6%98%8e%e9%a1%af%e7%9a%84%e6%b3%a2%e7%88%be%e5%a4%9a%e7%b4%85%e9%85%92&Wine=Ch%c3%a2teau+Latapie+R%c3%a9serve+2022+,Bordeux,法國,"Merlot(80%) ,Cabernet Sauvignon (20%)",14.5%,2022,Château Latapie,1/5,3/5,5/5,4/5,$299,https://littlewine.com.tw/Upload/20250720/cha%CC%82teau%20latapie%20re%CC%81serve%202022%20.png,images/63b101b6d05a.png
好市多,Cono Sur Gran Reserva Cabernet Sauvignon,https://littlewine.com.tw/wine/Detail.aspx?Title=4%e9%a1%86%e6%98%9f%e6%8e%a8%e8%96%a6%ef%bc%9a%e6%9e%9c%e5%91%b3%e5%84%aa%e9%9b%85%e7%9a%84%e8%85%b3%e8%b8%8f%e8%bb%8a%e7%b4%85%e9%85%92&Wine=Cono+Sur+Gran+Reserva+Cabernet+Sauvignon,Colchagua Valley,智利,"Cabernet Sauvignon(90%) ,Syrah (10%)",10%,2016,Cono Sur,1/5,3/5,5/5,4/5,$479,https://littlewine.com.tw/Upload/20260404/cono%20sur%20gran%20reserva%20cabernet%20sauvignon.png,images/beb193ebd477.png
家樂福,Casa Donoso Terroir Selection Cabernet Sauvignon 2023,https://littlewine.com.tw/wine/Detail.aspx?Title=%e7%b0%a1%e5%96%ae%e7%9a%84%e6%99%ba%e5%88%a9%e6%97%a5%e5%b8%b8%e5%8d%a1%e6%9c%ac%e5%85%a7%e7%b4%85%e9%85%92&Wine=Casa+Donoso+Terroir+Selection+Cabernet+Sauvignon+2023,D.O. Valle del Maule,智利,Cabernet Sauvignon(100%),13.5%,2023,Casa Donoso Terroir Selection,1/5,3/5,4/5,3.5/5,$399,https://littlewine.com.tw/Upload/20250908/1.png,images/5a4ce3649d60.png
家樂福,Château Leboscq,https://littlewine.com.tw/wine/Detail.aspx?Title=%e9%80%99%e6%89%8d%e6%98%af%e7%9c%9f%e7%9c%9f%e6%ad%a3%e6%ad%a3%e7%9a%84%e3%80%8c%e5%b0%8f%e8%b3%87%e9%85%92%e3%80%8d%e3%80%82&Wine=Ch%c3%a2teau+Leboscq,法國,法國,"Cabernet Sauvignon(50%) ,Merlot (45%) , Cabernet Franc (3%) ,Petit Verdot (2%)",13%,2017年,Château Leboscq,1/5,4/5,4/5,4/5,$229,https://littlewine.com.tw/Upload/20251109/cha%CC%82teau%20leboscq.jpg,images/c56d90eeb476.jpg
家樂福,Dona Flor Vinho Regional Lisboa 2022,https://littlewine.com.tw/wine/Detail.aspx?Title=%e9%81%a9%e5%90%88%e6%96%b0%e6%89%8b%e7%9a%84%e8%91%a1%e8%90%84%e7%89%99%e6%b7%b7%e9%87%80&Wine=Dona+Flor+Vinho+Regional+Lisboa+2022,Lisboa,葡萄牙,Cabernet Sauvignon、Touriga Nacional（比例未公開）(100%),13.5%,2022,Quinta de S. Sebastião,1/5,4/5,4/5,3.5/5,$459,https://littlewine.com.tw/Upload/20250906/2.png,images/01d77eb3fbc7.png
愛買,Armonia Cabernet Sauvignon/Merlot,https://littlewine.com.tw/wine/Detail.aspx?Title=%e6%9c%89%e8%8a%ad%e6%a8%82%e4%b9%be%e5%91%b3%e9%81%93%e7%9a%84%e5%b7%a8%e4%ba%ba%e7%9f%b3%e5%83%8f&Wine=Armonia+Cabernet+Sauvignon%2fMerlot+,Central Valley,智利,"Cabernet Sauvignon(100%) ,Merlot (100%)",13.5%,2019年,Sagrada Familia,1/5,3/5,4/5,3/5,$369,https://littlewine.com.tw/Upload/20210811/dsc_5624.jpg,images/7dd1c92ef9bb.jpg
愛買,Cantina Tollo Rocca Ventosa Sangiovese,https://littlewine.com.tw/wine/Detail.aspx?Title=%e8%a9%a6%e5%96%9d%e6%90%ad%e7%b4%85%e9%86%ac%e7%be%a9%e5%a4%a7%e5%88%a9%e9%ba%b5%e7%9a%84%e9%85%92%e6%ac%be&Wine=Cantina+Tollo+Rocca+Ventosa+Sangiovese,Terre Di Chieti,義大利,Sangiovese(100%),13%,2018年,Cantina Tollo,1/5,4/5,4/5,3.5/5,$399,https://littlewine.com.tw/Upload/20210702/184420429_3703913406403802_7789346537257549039_n.jpeg,images/4653803b8e7f.jpeg
愛買,Cono Sur Reserva Especial Cabernet Sauvignon,https://littlewine.com.tw/wine/Detail.aspx?Title=%e6%95%a3%e7%99%bc%e7%b4%85%e9%bb%91%e8%89%b2%e6%b0%b4%e6%9e%9c%e7%9a%84%e6%99%ba%e5%88%a9%e5%8d%a1%e6%9c%ac%e5%85%a7&Wine=Cono+Sur+Reserva+Especial+Cabernet+Sauvignon,D.O. Valle Del Aconcagua,智利,Cabernet Sauvignon(100%),13%,2021年,Cono Sur Reserva Especial,1/5,3/5,5/5,3.5/5,$559,https://littlewine.com.tw/Upload/20230706/%E7%A6%81%E6%AD%A2%E9%85%92%E9%A7%95%20%E9%A3%B2%E9%85%92%E9%81%8E%E9%87%8F%E6%9C%89%E5%AE%B3%E5%81%A5%E5%BA%B7%20-%202023-07-06t205254.154.png,images/8e95abe92cc4.png
美廉社,Altes Schulhaus 艾特舒浩斯,https://littlewine.com.tw/wine/Detail.aspx?Title=%e8%b7%9f%e5%ae%a2%e5%ae%b6%e8%8f%9c%e4%b8%8d%e6%90%ad%e7%9a%84%e5%be%b7%e5%9c%8b%e6%b7%b7%e9%87%80%e7%b4%85&Wine=Altes+Schulhaus+%e8%89%be%e7%89%b9%e8%88%92%e6%b5%a9%e6%96%af,德國,德國,"Pinot meunier,Regent and Pinot Noir (100%)",12%,2016,Becksteiner Winzer eG,3/5,3/5,2/5,2.5/5,$429,https://littlewine.com.tw/Upload/20200327/72118247_2262957417166082_5877295700965851136_o.jpg,images/5c44c14a9b72.jpg
美廉社,Castillo de Almansa,https://littlewine.com.tw/wine/Detail.aspx?Title=%e5%9f%ba%e6%9c%ac%e6%9f%94%e9%a0%86%e6%90%ad%e9%a4%90%e9%85%92&Wine=Castillo+de+Almansa,Almansa D.O.,西班牙,Garnacha Tintorera(100%),14%,2016年,Castillo de Almansa,1/5,3/5,4/5,3.5/5,$219,https://littlewine.com.tw/Upload/20200327/24232465_1332342113560955_7808546942007549777_n.jpg,images/5709bd06fc8c.jpg
美廉社,Castillo de Almansa Reserva,https://littlewine.com.tw/wine/Detail.aspx?Title=%e3%80%90%e5%b7%b2%e5%81%9c%e5%94%ae%e3%80%91%e6%9c%a8%e8%b3%aa%e8%aa%bf%e8%bf%b7%e4%ba%ba%e7%9a%84%e8%b6%85%e5%80%bc%e5%b0%8f%e8%b3%87%e9%85%92&Wine=Castillo+de+Almansa+Reserva+,Almansa D.O.,西班牙,"Monastrell (50%) ,Tempranillo (30%) ,Garnacha Tintorera (20%)",14%,2017,Castillo de Almansa,1/5,3/5,4/5,4.5/5,$319,https://littlewine.com.tw/Upload/20200327/24231943_1334249926703507_4523377850313463610_n.jpg,images/a4217c190473.jpg
